{
  "meta": {
    "device": "cuda",
    "dtype": "torch.float32",
    "batch_sizes": [
      1,
      32,
      128
    ],
    "warmup": 20,
    "iters": 100,
    "seed": 42,
    "torch_version": "2.5.1+cu121",
    "torch_cuda_version": "12.1"
  },
  "build_info": {
    "compile_enabled": "True",
    "compile_backend_used": "torch.compile",
    "compile_error": null,
    "fused_extension_loaded": "True",
    "fused_extension_import_error": null,
    "fused_extension_build_error": null,
    "fused_second_block": "True",
    "cudagraph_enabled": "True",
    "cudagraph_warmup": "3"
  },
  "correctness": {
    "eager": {
      "max_abs_err": 0.0,
      "relative_err": 0.0,
      "within_threshold": 1.0
    },
    "compile": {
      "max_abs_err": 0.0,
      "relative_err": 0.0,
      "within_threshold": 1.0
    },
    "fused": {
      "max_abs_err": 2.434849739074707e-05,
      "relative_err": 0.00013283014341166637,
      "within_threshold": 1.0
    },
    "eager_graph": {
      "max_abs_err": 0.0,
      "relative_err": 0.0,
      "within_threshold": 1.0
    },
    "compile_graph": {
      "max_abs_err": 0.0,
      "relative_err": 0.0,
      "within_threshold": 1.0
    },
    "fused_graph": {
      "max_abs_err": 2.434849739074707e-05,
      "relative_err": 0.00013283014341166637,
      "within_threshold": 1.0
    }
  },
  "benchmarks": {
    "1": {
      "eager": {
        "mean_ms": 0.32230527952313426,
        "median_ms": 0.2805439978837967,
        "p95_ms": 0.5716479837894438,
        "p99_ms": 0.7249305737018601,
        "std_ms": 0.12178390628768196,
        "min_ms": 0.20979200303554535,
        "max_ms": 1.022976040840149,
        "throughput_samples_per_s": 3564.5032777147744,
        "peak_memory_mb": 42.47216796875,
        "iters": 100.0,
        "warmup": 20.0
      },
      "compile": {
        "mean_ms": 0.9147318428754807,
        "median_ms": 0.871936023235321,
        "p95_ms": 1.61796960234642,
        "p99_ms": 1.800045709609991,
        "std_ms": 0.3372620763901392,
        "min_ms": 0.5017600059509277,
        "max_ms": 2.910207986831665,
        "throughput_samples_per_s": 1146.8731344410994,
        "peak_memory_mb": 42.47216796875,
        "iters": 100.0,
        "warmup": 20.0
      },
      "eager_graph": {
        "mean_ms": 0.08365376070141792,
        "median_ms": 0.0788159966468811,
        "p95_ms": 0.1014703970402479,
        "p99_ms": 0.13264895260334042,
        "std_ms": 0.01538682266365034,
        "min_ms": 0.06963200122117996,
        "max_ms": 0.187391996383667,
        "throughput_samples_per_s": 12687.779670925114,
        "peak_memory_mb": 49.5673828125,
        "iters": 100.0,
        "warmup": 20.0
      },
      "compile_graph": {
        "mean_ms": 0.0781008006632328,
        "median_ms": 0.07163200154900551,
        "p95_ms": 0.09932799637317657,
        "p99_ms": 0.14041087538003927,
        "std_ms": 0.013905935296064601,
        "min_ms": 0.06656000018119812,
        "max_ms": 0.1525759994983673,
        "throughput_samples_per_s": 13960.240931085407,
        "peak_memory_mb": 57.6650390625,
        "iters": 100.0,
        "warmup": 20.0
      }
    },
    "32": {
      "eager": {
        "mean_ms": 0.3034633606672287,
        "median_ms": 0.275519996881485,
        "p95_ms": 0.6043648093938827,
        "p99_ms": 0.8967075473070153,
        "std_ms": 0.123765300684414,
        "min_ms": 0.22835199534893036,
        "max_ms": 1.06496000289917,
        "throughput_samples_per_s": 116144.01989763672,
        "peak_memory_mb": 58.9345703125,
        "iters": 100.0,
        "warmup": 20.0
      },
      "compile": {
        "mean_ms": 0.7552812784910202,
        "median_ms": 0.6675519943237305,
        "p95_ms": 1.142169576883316,
        "p99_ms": 1.92299008607865,
        "std_ms": 0.34117613151327286,
        "min_ms": 0.5323200225830078,
        "max_ms": 3.131392002105713,
        "throughput_samples_per_s": 47936.34094737128,
        "peak_memory_mb": 58.9345703125,
        "iters": 100.0,
        "warmup": 20.0
      },
      "eager_graph": {
        "mean_ms": 0.1618969614803791,
        "median_ms": 0.15360000729560852,
        "p95_ms": 0.17586560696363446,
        "p99_ms": 0.30768129438161873,
        "std_ms": 0.029336010464622884,
        "min_ms": 0.14950400590896606,
        "max_ms": 0.3553279936313629,
        "throughput_samples_per_s": 208333.32343803145,
        "peak_memory_mb": 66.033203125,
        "iters": 100.0,
        "warmup": 20.0
      },
      "compile_graph": {
        "mean_ms": 0.16601888030767442,
        "median_ms": 0.15540800243616104,
        "p95_ms": 0.2081280030310154,
        "p99_ms": 0.24807424083352259,
        "std_ms": 0.045116876086026554,
        "min_ms": 0.14950400590896606,
        "max_ms": 0.5785599946975708,
        "throughput_samples_per_s": 205909.60245528576,
        "peak_memory_mb": 74.2802734375,
        "iters": 100.0,
        "warmup": 20.0
      }
    },
    "128": {
      "eager": {
        "mean_ms": 0.35759071916341784,
        "median_ms": 0.3352639973163605,
        "p95_ms": 0.4426240012049675,
        "p99_ms": 0.47521822541952713,
        "std_ms": 0.12999959293715307,
        "min_ms": 0.28569599986076355,
        "max_ms": 1.5984959602355957,
        "throughput_samples_per_s": 381788.68302168796,
        "peak_memory_mb": 79.2490234375,
        "iters": 100.0,
        "warmup": 20.0
      },
      "compile": {
        "mean_ms": 0.5892300796508789,
        "median_ms": 0.5416960120201111,
        "p95_ms": 0.8577824264764782,
        "p99_ms": 1.0862793684005763,
        "std_ms": 0.15141270609725108,
        "min_ms": 0.49459201097488403,
        "max_ms": 1.5748800039291382,
        "throughput_samples_per_s": 236294.89078691584,
        "peak_memory_mb": 79.2490234375,
        "iters": 100.0,
        "warmup": 20.0
      },
      "eager_graph": {
        "mean_ms": 0.2511708803474903,
        "median_ms": 0.24268800020217896,
        "p95_ms": 0.2863008141517639,
        "p99_ms": 0.38630398929119125,
        "std_ms": 0.028530821157995417,
        "min_ms": 0.23449599742889404,
        "max_ms": 0.4116480052471161,
        "throughput_samples_per_s": 527426.1598981636,
        "peak_memory_mb": 83.15869140625,
        "iters": 100.0,
        "warmup": 20.0
      },
      "compile_graph": {
        "mean_ms": 0.25038367956876756,
        "median_ms": 0.24827199429273605,
        "p95_ms": 0.27458560317754743,
        "p99_ms": 0.318556163012982,
        "std_ms": 0.02217301740735306,
        "min_ms": 0.2303999960422516,
        "max_ms": 0.42905598878860474,
        "throughput_samples_per_s": 515563.58728514484,
        "peak_memory_mb": 91.662109375,
        "iters": 100.0,
        "warmup": 20.0
      }
    }
  }
}