{
  "meta": {
    "device": "cuda",
    "dtype": "torch.float32",
    "batch_sizes": [
      1,
      32,
      128
    ],
    "warmup": 20,
    "iters": 100,
    "seed": 42,
    "torch_version": "2.5.1+cu121",
    "torch_cuda_version": "12.1"
  },
  "build_info": {
    "compile_enabled": "True",
    "compile_backend_used": "torch.compile",
    "compile_error": null,
    "fused_extension_loaded": "True",
    "fused_extension_import_error": null,
    "fused_extension_build_error": null,
    "fused_second_block": "True",
    "cudagraph_enabled": "True",
    "cudagraph_warmup": "3"
  },
  "correctness": {
    "eager": {
      "max_abs_err": 0.0,
      "relative_err": 0.0,
      "within_threshold": 1.0
    },
    "compile": {
      "max_abs_err": 2.4322420358657837e-05,
      "relative_err": 0.00013282141351972894,
      "within_threshold": 1.0
    },
    "fused": {
      "max_abs_err": 2.434849739074707e-05,
      "relative_err": 0.00013283014341166637,
      "within_threshold": 1.0
    },
    "eager_graph": {
      "max_abs_err": 0.0,
      "relative_err": 0.0,
      "within_threshold": 1.0
    },
    "compile_graph": {
      "max_abs_err": 2.4322420358657837e-05,
      "relative_err": 0.00013282141351972894,
      "within_threshold": 1.0
    },
    "fused_graph": {
      "max_abs_err": 2.434849739074707e-05,
      "relative_err": 0.00013283014341166637,
      "within_threshold": 1.0
    }
  },
  "benchmarks": {
    "1": {
      "eager": {
        "mean_ms": 0.3452060793340206,
        "median_ms": 0.2789919972419739,
        "p95_ms": 0.6173664212226867,
        "p99_ms": 0.7733398640155793,
        "std_ms": 0.13846289281258048,
        "min_ms": 0.21503999829292297,
        "max_ms": 0.779263973236084,
        "throughput_samples_per_s": 3584.332202664169,
        "peak_memory_mb": 42.47216796875,
        "iters": 100.0,
        "warmup": 20.0
      },
      "compile": {
        "mean_ms": 0.279198077917099,
        "median_ms": 0.251008003950119,
        "p95_ms": 0.384950390458107,
        "p99_ms": 0.6922870683670062,
        "std_ms": 0.10241364544748678,
        "min_ms": 0.2181120067834854,
        "max_ms": 1.040671944618225,
        "throughput_samples_per_s": 3983.9367042603258,
        "peak_memory_mb": 42.470703125,
        "iters": 100.0,
        "warmup": 20.0
      },
      "fused": {
        "mean_ms": 0.13538751989603043,
        "median_ms": 0.12278399989008904,
        "p95_ms": 0.19588960707187641,
        "p99_ms": 0.31171584814786985,
        "std_ms": 0.049191836708063735,
        "min_ms": 0.09216000139713287,
        "max_ms": 0.4546560049057007,
        "throughput_samples_per_s": 8144.383640337153,
        "peak_memory_mb": 42.47216796875,
        "iters": 100.0,
        "warmup": 20.0
      },
      "eager_graph": {
        "mean_ms": 0.06553215980529785,
        "median_ms": 0.057328000664711,
        "p95_ms": 0.1138112012296915,
        "p99_ms": 0.14979072585701958,
        "std_ms": 0.021676649032007424,
        "min_ms": 0.05119999870657921,
        "max_ms": 0.17817600071430206,
        "throughput_samples_per_s": 17443.48291245334,
        "peak_memory_mb": 49.5673828125,
        "iters": 100.0,
        "warmup": 20.0
      },
      "compile_graph": {
        "mean_ms": 0.061460479944944385,
        "median_ms": 0.05004800111055374,
        "p95_ms": 0.1003951970487833,
        "p99_ms": 0.240708159506321,
        "std_ms": 0.03265049511559549,
        "min_ms": 0.03993599861860275,
        "max_ms": 0.24745599925518036,
        "throughput_samples_per_s": 19980.81797095244,
        "peak_memory_mb": 57.6650390625,
        "iters": 100.0,
        "warmup": 20.0
      },
      "fused_graph": {
        "mean_ms": 0.061556159742176535,
        "median_ms": 0.05222399905323982,
        "p95_ms": 0.13433919325470922,
        "p99_ms": 0.16056479275226598,
        "std_ms": 0.037227456648076765,
        "min_ms": 0.023552000522613525,
        "max_ms": 0.16896000504493713,
        "throughput_samples_per_s": 19148.284660861547,
        "peak_memory_mb": 65.7626953125,
        "iters": 100.0,
        "warmup": 20.0
      }
    },
    "32": {
      "eager": {
        "mean_ms": 0.3424652808904648,
        "median_ms": 0.30291201174259186,
        "p95_ms": 0.5680128276348113,
        "p99_ms": 0.756702401638032,
        "std_ms": 0.12096319315926213,
        "min_ms": 0.24166400730609894,
        "max_ms": 0.9656320214271545,
        "throughput_samples_per_s": 105641.23824575472,
        "peak_memory_mb": 67.0322265625,
        "iters": 100.0,
        "warmup": 20.0
      },
      "compile": {
        "mean_ms": 0.3508076784014702,
        "median_ms": 0.3396959900856018,
        "p95_ms": 0.4446271866559982,
        "p99_ms": 0.6258627063035973,
        "std_ms": 0.06821291974050249,
        "min_ms": 0.25836798548698425,
        "max_ms": 0.7722560167312622,
        "throughput_samples_per_s": 94201.8773666894,
        "peak_memory_mb": 66.8955078125,
        "iters": 100.0,
        "warmup": 20.0
      },
      "fused": {
        "mean_ms": 0.1647116806358099,
        "median_ms": 0.15308800339698792,
        "p95_ms": 0.21296320483088493,
        "p99_ms": 0.2607084780931486,
        "std_ms": 0.04824328297501505,
        "min_ms": 0.10751999914646149,
        "max_ms": 0.5240960121154785,
        "throughput_samples_per_s": 209030.09569611787,
        "peak_memory_mb": 66.947265625,
        "iters": 100.0,
        "warmup": 20.0
      },
      "eager_graph": {
        "mean_ms": 0.1357584010064602,
        "median_ms": 0.11819200217723846,
        "p95_ms": 0.18886879533529277,
        "p99_ms": 0.46521343350410477,
        "std_ms": 0.05506990403232554,
        "min_ms": 0.11343999952077866,
        "max_ms": 0.49663999676704407,
        "throughput_samples_per_s": 270745.899980723,
        "peak_memory_mb": 74.130859375,
        "iters": 100.0,
        "warmup": 20.0
      },
      "compile_graph": {
        "mean_ms": 0.12106880001723766,
        "median_ms": 0.11059200018644333,
        "p95_ms": 0.1492687962949276,
        "p99_ms": 0.18261759921908416,
        "std_ms": 0.020689580585175185,
        "min_ms": 0.1085439994931221,
        "max_ms": 0.25484800338745117,
        "throughput_samples_per_s": 289351.8513640433,
        "peak_memory_mb": 82.3779296875,
        "iters": 100.0,
        "warmup": 20.0
      },
      "fused_graph": {
        "mean_ms": 0.049997440073639154,
        "median_ms": 0.040303999558091164,
        "p95_ms": 0.07598080299794673,
        "p99_ms": 0.09754079692065722,
        "std_ms": 0.01579337056439292,
        "min_ms": 0.030688000842928886,
        "max_ms": 0.10751999914646149,
        "throughput_samples_per_s": 793965.8681733955,
        "peak_memory_mb": 90.625,
        "iters": 100.0,
        "warmup": 20.0
      }
    },
    "128": {
      "eager": {
        "mean_ms": 0.3191142402589321,
        "median_ms": 0.2764800041913986,
        "p95_ms": 0.5962543725967407,
        "p99_ms": 0.7050809311866768,
        "std_ms": 0.11497778411329429,
        "min_ms": 0.22230400145053864,
        "max_ms": 0.8469439744949341,
        "throughput_samples_per_s": 462962.9559445085,
        "peak_memory_mb": 95.59375,
        "iters": 100.0,
        "warmup": 20.0
      },
      "compile": {
        "mean_ms": 0.36902048051357267,
        "median_ms": 0.3168960064649582,
        "p95_ms": 0.5917696267366409,
        "p99_ms": 0.6752563011646294,
        "std_ms": 0.12487190725311638,
        "min_ms": 0.2611199915409088,
        "max_ms": 1.124351978302002,
        "throughput_samples_per_s": 403917.9964047733,
        "peak_memory_mb": 93.9150390625,
        "iters": 100.0,
        "warmup": 20.0
      },
      "fused": {
        "mean_ms": 0.19158751875162125,
        "median_ms": 0.16172799468040466,
        "p95_ms": 0.37426881343126295,
        "p99_ms": 0.5819334119558337,
        "std_ms": 0.08372230529710711,
        "min_ms": 0.15462400019168854,