{
  "meta": {
    "device": "cuda",
    "dtype": "torch.float32",
    "batch_sizes": [
      1,
      32,
      128
    ],
    "warmup": 20,
    "iters": 100,
    "seed": 42,
    "torch_version": "2.5.1+cu121",
    "torch_cuda_version": "12.1"
  },
  "build_info": {
    "compile_enabled": "True",
    "compile_backend_used": "torch.compile",
    "compile_error": null,
    "fused_extension_loaded": "False",
    "fused_extension_import_error": "ModuleNotFoundError(\"No module named 'fused_conv_relu_pool_cuda'\")",
    "fused_extension_build_error": null,
    "fused_second_block": "True",
    "cudagraph_enabled": "True",
    "cudagraph_warmup": "3"
  },
  "correctness": {
    "eager": {
      "max_abs_err": 0.0,
      "relative_err": 0.0,
      "within_threshold": 1.0
    },
    "compile": {
      "max_abs_err": 2.4322420358657837e-05,
      "relative_err": 0.00013282141351972894,
      "within_threshold": 1.0
    },
    "fused": {
      "max_abs_err": 0.0,
      "relative_err": 0.0,
      "within_threshold": 1.0
    },
    "eager_graph": {
      "max_abs_err": 0.0,
      "relative_err": 0.0,
      "within_threshold": 1.0
    },
    "compile_graph": {
      "max_abs_err": 2.4322420358657837e-05,
      "relative_err": 0.00013282141351972894,
      "within_threshold": 1.0
    },
    "fused_graph": {
      "max_abs_err": 0.0,
      "relative_err": 0.0,
      "within_threshold": 1.0
    }
  },
  "benchmarks": {
    "1": {
      "eager": {
        "mean_ms": 0.2806508806347847,
        "median_ms": 0.2640479952096939,
        "p95_ms": 0.3588559880852699,
        "p99_ms": 0.5492396849393858,
        "std_ms": 0.07540516135717074,
        "min_ms": 0.2096959948539734,
        "max_ms": 0.8081920146942139,
        "throughput_samples_per_s": 3787.1902765474483,
        "peak_memory_mb": 42.47216796875,
        "iters": 100.0,
        "warmup": 20.0
      },
      "compile": {
        "mean_ms": 0.32017152070999144,
        "median_ms": 0.30771200358867645,
        "p95_ms": 0.39939199984073637,
        "p99_ms": 0.6055907404422766,
        "std_ms": 0.07085857498030128,
        "min_ms": 0.2385919988155365,
        "max_ms": 0.718720018863678,
        "throughput_samples_per_s": 3249.791975410605,
        "peak_memory_mb": 42.470703125,
        "iters": 100.0,
        "warmup": 20.0
      },
      "fused": {
        "mean_ms": 0.27684896022081373,
        "median_ms": 0.2447040006518364,
        "p95_ms": 0.41316159069538083,
        "p99_ms": 0.8243177801370625,
        "std_ms": 0.10753886617761489,
        "min_ms": 0.21299199759960175,
        "max_ms": 0.8969600200653076,
        "throughput_samples_per_s": 4086.5698858058104,
        "peak_memory_mb": 42.47216796875,
        "iters": 100.0,
        "warmup": 20.0
      },
      "eager_graph": {
        "mean_ms": 0.06813408005982638,
        "median_ms": 0.0674079991877079,
        "p95_ms": 0.09728000313043594,
        "p99_ms": 0.10136192351579672,
        "std_ms": 0.014303060948224079,
        "min_ms": 0.05222399905323982,
        "max_ms": 0.11264000087976456,
        "throughput_samples_per_s": 14835.034596047672,
        "peak_memory_mb": 49.5673828125,
        "iters": 100.0,
        "warmup": 20.0
      },
      "compile_graph": {
        "mean_ms": 0.05295519970357418,
        "median_ms": 0.052928000688552856,
        "p95_ms": 0.06900959648191929,
        "p99_ms": 0.07275040172040469,
        "std_ms": 0.010239223300203036,
        "min_ms": 0.03891199827194214,
        "max_ms": 0.08367999643087387,
        "throughput_samples_per_s": 18893.59104804194,
        "peak_memory_mb": 57.6650390625,
        "iters": 100.0,
        "warmup": 20.0
      },
      "fused_graph": {
        "mean_ms": 0.06887776006013155,
        "median_ms": 0.05632000043988228,
        "p95_ms": 0.11182080060243606,
        "p99_ms": 0.12752543836832075,
        "std_ms": 0.021453363157408308,
        "min_ms": 0.053247999399900436,
        "max_ms": 0.18192000687122345,
        "throughput_samples_per_s": 17755.681679502668,
        "peak_memory_mb": 65.7626953125,
        "iters": 100.0,
        "warmup": 20.0
      }
    },
    "32": {
      "eager": {
        "mean_ms": 0.29270112082362176,
        "median_ms": 0.2611040025949478,
        "p95_ms": 0.450339213013649,
        "p99_ms": 0.7400160264968876,
        "std_ms": 0.09941186795360059,
        "min_ms": 0.2181120067834854,
        "max_ms": 0.8081279993057251,
        "throughput_samples_per_s": 122556.52798108112,
        "peak_memory_mb": 67.0322265625,
        "iters": 100.0,
        "warmup": 20.0
      },
      "compile": {
        "mean_ms": 0.2804307207465172,
        "median_ms": 0.26420798897743225,
        "p95_ms": 0.38937601149082185,
        "p99_ms": 0.4820169675350202,
        "std_ms": 0.06531734237400896,
        "min_ms": 0.19897599518299103,
        "max_ms": 0.7355520129203796,
        "throughput_samples_per_s": 121116.70098943652,
        "peak_memory_mb": 66.8955078125,
        "iters": 100.0,
        "warmup": 20.0
      },
      "fused": {
        "mean_ms": 0.31607455790042877,
        "median_ms": 0.25759999454021454,
        "p95_ms": 0.6311231970787048,
        "p99_ms": 0.7720370966196061,
        "std_ms": 0.1296694938457382,
        "min_ms": 0.2303999960422516,
        "max_ms": 0.7915520071983337,
        "throughput_samples_per_s": 124223.60511736892,
        "peak_memory_mb": 67.0322265625,
        "iters": 100.0,
        "warmup": 20.0
      },
      "eager_graph": {
        "mean_ms": 0.13142112091183664,
        "median_ms": 0.125791996717453,
        "p95_ms": 0.14591520428657528,
        "p99_ms": 0.3294623899459839,
        "std_ms": 0.03243273223521443,
        "min_ms": 0.11366400122642517,
        "max_ms": 0.33484798669815063,
        "throughput_samples_per_s": 254388.2030259574,
        "peak_memory_mb": 74.130859375,
        "iters": 100.0,
        "warmup": 20.0
      },
      "compile_graph": {
        "mean_ms": 0.11748224027454852,
        "median_ms": 0.11462400108575821,
        "p95_ms": 0.14307839423418045,
        "p99_ms": 0.16186367526650433,
        "std_ms": 0.010926605565269875,
        "min_ms": 0.1085439994931221,
        "max_ms": 0.16896000504493713,
        "throughput_samples_per_s": 279173.64336338744,
        "peak_memory_mb": 82.3779296875,
        "iters": 100.0,
        "warmup": 20.0
      },
      "fused_graph": {
        "mean_ms": 0.13226208090782166,
        "median_ms": 0.11825600266456604,
        "p95_ms": 0.2027519941329956,
        "p99_ms": 0.22207488045096443,
        "std_ms": 0.03256641711766419,
        "min_ms": 0.11135999858379364,
        "max_ms": 0.3102720081806183,
        "throughput_samples_per_s": 270599.37152423646,
        "peak_memory_mb": 90.625,
        "iters": 100.0,
        "warmup": 20.0
      }
    },
    "128": {
      "eager": {
        "mean_ms": 0.28664927899837495,
        "median_ms": 0.27665598690509796,
        "p95_ms": 0.36784960329532623,
        "p99_ms": 0.5010601744055754,
        "std_ms": 0.052836320904878685,
        "min_ms": 0.23446400463581085,
        "max_ms": 0.6123520135879517,
        "throughput_samples_per_s": 462668.46212841285,
        "peak_memory_mb": 95.59375,
        "iters": 100.0,
        "warmup": 20.0
      },
      "compile": {
        "mean_ms": 0.3072896015644073,
        "median_ms": 0.271696001291275,
        "p95_ms": 0.474572804570198,
        "p99_ms": 0.6039136028289799,
        "std_ms": 0.0820248799058757,
        "min_ms": 0.24371199309825897,
        "max_ms": 0.680895984172821,
        "throughput_samples_per_s": 471114.77309809957,
        "peak_memory_mb": 93.9150390625,
        "iters": 100.0,
        "warmup": 20.0
      },
      "fused": {
        "mean_ms": 0.3018176008760929,
        "median_ms": 0.26764801144599915,
        "p95_ms": 0.526144003868103,
        "p99_ms": 0.6929811435937882,
        "std_ms": 0.10220316143364273,
        "min_ms": 0.23654399812221527,