{
  "meta": {
    "device": "cuda",
    "dtype": "torch.float32",
    "batch_sizes": [
      256,
      512,
      1024
    ],
    "warmup": 30,
    "iters": 300,
    "seed": 42,
    "torch_version": "2.0.1+cu117",
    "torch_cuda_version": "11.7"
  },
  "build_info": {
    "compile_enabled": "True",
    "compile_backend_used": "torch.jit.script",
    "compile_error": "RuntimeError('Windows not yet supported for torch.compile') | fallback=torch.jit.script",
    "fused_extension_loaded": "True",
    "fused_extension_import_error": null,
    "fused_extension_build_error": null,
    "fused_second_block": "True",
    "cudagraph_enabled": "False",
    "cudagraph_warmup": "3"
  },
  "correctness": {
    "eager": {
      "max_abs_err": 0.0,
      "relative_err": 0.0,
      "within_threshold": 1.0
    },
    "compile": {
      "max_abs_err": 0.0,
      "relative_err": 0.0,
      "within_threshold": 1.0
    },
    "fused": {
      "max_abs_err": 3.166496753692627e-08,
      "relative_err": 1.8377491770368647e-07,
      "within_threshold": 1.0
    }
  },
  "benchmarks": {
    "256": {
      "eager": {
        "mean_ms": 0.7880479993422826,
        "median_ms": 0.7772160172462463,
        "p95_ms": 0.8274431824684143,
        "p99_ms": 0.8673279881477356,
        "std_ms": 0.04946639233046412,
        "min_ms": 0.7607679963111877,
        "max_ms": 1.556480050086975,
        "throughput_samples_per_s": 329380.75685448875,
        "peak_memory_mb": 19.05712890625,
        "iters": 300.0,
        "warmup": 30.0
      },
      "fused": {
        "mean_ms": 0.8465435723463695,
        "median_ms": 0.8130559921264648,
        "p95_ms": 0.9578912258148222,
        "p99_ms": 1.5175782322883606,
        "std_ms": 0.1363230973627337,
        "min_ms": 0.7905279994010925,
        "max_ms": 1.5482879877090454,
        "throughput_samples_per_s": 314861.4640062589,
        "peak_memory_mb": 11.40869140625,
        "iters": 300.0,
        "warmup": 30.0
      }
    },
    "512": {
      "eager": {
        "mean_ms": 1.3980075780550638,
        "median_ms": 1.3936320543289185,
        "p95_ms": 1.422489583492279,
        "p99_ms": 1.4891520118713377,
        "std_ms": 0.019930653281003734,
        "min_ms": 1.3772799968719482,
        "max_ms": 1.546239972114563,
        "throughput_samples_per_s": 367385.34996351355,
        "peak_memory_mb": 29.93212890625,
        "iters": 300.0,
        "warmup": 30.0
      },
      "fused": {
        "mean_ms": 1.4661228823661805,
        "median_ms": 1.4581760168075562,
        "p95_ms": 1.5085024416446686,
        "p99_ms": 1.5617023706436157,
        "std_ms": 0.033768873115944065,
        "min_ms": 1.4264320135116577,
        "max_ms": 1.8472959995269775,
        "throughput_samples_per_s": 351123.5914584183,
        "peak_memory_mb": 13.94775390625,
        "iters": 300.0,
        "warmup": 30.0
      }
    },
    "1024": {
      "eager": {
        "mean_ms": 2.5247902925809225,
        "median_ms": 2.463231921195984,
        "p95_ms": 2.817484700679782,
        "p99_ms": 4.209807229042053,
        "std_ms": 0.2898116728281415,
        "min_ms": 2.3490560054779053,
        "max_ms": 4.494336128234863,
        "throughput_samples_per_s": 415714.00207529496,
        "peak_memory_mb": 49.61962890625,
        "iters": 300.0,
        "warmup": 30.0
      },
      "fused": {
        "mean_ms": 2.39696009794871,
        "median_ms": 2.3838720321655273,
        "p95_ms": 2.5191424965858458,
        "p99_ms": 2.535526394844055,
        "std_ms": 0.06904272311264667,
        "min_ms": 2.2425599098205566,
        "max_ms": 2.554879903793335,
        "throughput_samples_per_s": 429553.2588088593,
        "peak_memory_mb": 19.46337890625,
        "iters": 300.0,
        "warmup": 30.0
      }
    }
  }
}