{
  "meta": {
    "device": "cuda",
    "dtype": "torch.float32",
    "batch_sizes": [
      1,
      32,
      128
    ],
    "warmup": 20,
    "iters": 100,
    "seed": 42,
    "torch_version": "2.0.1+cu117",
    "torch_cuda_version": "11.7"
  },
  "build_info": {
    "compile_enabled": "True",
    "compile_backend_used": "torch.jit.script",
    "compile_error": "RuntimeError('Windows not yet supported for torch.compile') | fallback=torch.jit.script",
    "fused_extension_loaded": "True",
    "fused_extension_import_error": null,
    "fused_extension_build_error": null,
    "fused_second_block": "True",
    "cudagraph_enabled": "True",
    "cudagraph_warmup": "3"
  },
  "correctness": {
    "eager": {
      "max_abs_err": 0.0,
      "relative_err": 0.0,
      "within_threshold": 1.0
    },
    "compile": {
      "max_abs_err": 0.0,
      "relative_err": 0.0,
      "within_threshold": 1.0
    },
    "fused": {
      "max_abs_err": 3.166496753692627e-08,
      "relative_err": 1.8377491770368647e-07,
      "within_threshold": 1.0
    },
    "eager_graph": {
      "max_abs_err": 0.0,
      "relative_err": 0.0,
      "within_threshold": 1.0
    },
    "compile_graph": {
      "max_abs_err": 0.0,
      "relative_err": 0.0,
      "within_threshold": 1.0
    },
    "fused_graph": {
      "max_abs_err": 3.166496753692627e-08,
      "relative_err": 1.8377491770368647e-07,
      "within_threshold": 1.0
    }
  },
  "benchmarks": {
    "1": {
      "eager": {
        "mean_ms": 1.1870639967918395,
        "median_ms": 0.9867199957370758,
        "p95_ms": 2.0539999604225154,
        "p99_ms": 3.0861027145385833,
        "std_ms": 0.5565183346892855,
        "min_ms": 0.7393280267715454,
        "max_ms": 4.887775897979736,
        "throughput_samples_per_s": 1013.4587363388781,
        "peak_memory_mb": 41.5078125,
        "iters": 100.0,
        "warmup": 20.0
      },
      "compile": {
        "mean_ms": 1.0688777604699136,
        "median_ms": 0.8591359853744507,
        "p95_ms": 1.8777087807655333,
        "p99_ms": 3.59422179222108,
        "std_ms": 0.6632531783867216,
        "min_ms": 0.2917439937591553,
        "max_ms": 5.619935989379883,
        "throughput_samples_per_s": 1163.960091328446,
        "peak_memory_mb": 41.5078125,
        "iters": 100.0,
        "warmup": 20.0
      },
      "fused": {
        "mean_ms": 0.7200000013411045,
        "median_ms": 0.6297599971294403,
        "p95_ms": 1.2960879504680631,
        "p99_ms": 2.2808057761192377,
        "std_ms": 0.40846698493122735,
        "min_ms": 0.15052799880504608,
        "max_ms": 3.323647975921631,
        "throughput_samples_per_s": 1587.906511303005,
        "peak_memory_mb": 41.478515625,
        "iters": 100.0,
        "warmup": 20.0
      },
      "eager_graph": {
        "mean_ms": 0.19036768145859242,
        "median_ms": 0.15513600409030914,
        "p95_ms": 0.32225279510021176,
        "p99_ms": 0.8080486637353971,
        "std_ms": 0.22708260881418132,
        "min_ms": 0.06860800087451935,
        "max_ms": 2.238464117050171,
        "throughput_samples_per_s": 6445.956925755746,
        "peak_memory_mb": 49.5693359375,
        "iters": 100.0,
        "warmup": 20.0
      },
      "compile_graph": {
        "mean_ms": 0.1746175990253687,
        "median_ms": 0.14129599928855896,
        "p95_ms": 0.29665281027555457,
        "p99_ms": 0.5450230097770776,
        "std_ms": 0.2122011876841335,
        "min_ms": 0.06348799914121628,
        "max_ms": 2.1922879219055176,
        "throughput_samples_per_s": 7077.341220099019,
        "peak_memory_mb": 57.6669921875,
        "iters": 100.0,
        "warmup": 20.0
      },
      "fused_graph": {
        "mean_ms": 0.18114656131714582,
        "median_ms": 0.1162560023367405,
        "p95_ms": 0.35127519220113756,
        "p99_ms": 0.5390847921371661,
        "std_ms": 0.43641346729262964,
        "min_ms": 0.03891199827194214,
        "max_ms": 4.436992168426514,
        "throughput_samples_per_s": 8601.70640569127,
        "peak_memory_mb": 65.7646484375,
        "iters": 100.0,
        "warmup": 20.0
      }
    },
    "32": {
      "eager": {
        "mean_ms": 1.0784972834587097,
        "median_ms": 0.969215989112854,
        "p95_ms": 1.8267135560512542,
        "p99_ms": 2.848430182933816,
        "std_ms": 0.5345827625674727,
        "min_ms": 0.25804799795150757,
        "max_ms": 4.538368225097656,
        "throughput_samples_per_s": 33016.37649342779,
        "peak_memory_mb": 67.0341796875,
        "iters": 100.0,
        "warmup": 20.0
      },
      "compile": {
        "mean_ms": 0.8582227209210396,
        "median_ms": 0.8331040143966675,
        "p95_ms": 1.312481606006622,
        "p99_ms": 1.5894909298419975,
        "std_ms": 0.27096265916571294,
        "min_ms": 0.23347200453281403,
        "max_ms": 2.0348799228668213,
        "throughput_samples_per_s": 38410.56992526239,
        "peak_memory_mb": 67.0341796875,
        "iters": 100.0,
        "warmup": 20.0
      },
      "fused": {
        "mean_ms": 0.6241151992976666,
        "median_ms": 0.5928959846496582,
        "p95_ms": 0.8791568249464035,
        "p99_ms": 1.776254707574851,
        "std_ms": 0.31381152673045953,
        "min_ms": 0.14643199741840363,
        "max_ms": 3.043328046798706,
        "throughput_samples_per_s": 53972.36754590061,
        "peak_memory_mb": 66.078125,
        "iters": 100.0,
        "warmup": 20.0
      },
      "eager_graph": {
        "mean_ms": 0.20957535967230798,
        "median_ms": 0.19656000286340714,
        "p95_ms": 0.2964479893445968,
        "p99_ms": 0.37896192848682514,
        "std_ms": 0.057852809001391385,
        "min_ms": 0.11961600184440613,
        "max_ms": 0.5898240208625793,
        "throughput_samples_per_s": 162800.16042855545,
        "peak_memory_mb": 74.1328125,
        "iters": 100.0,
        "warmup": 20.0
      },
      "compile_graph": {
        "mean_ms": 0.25195776000618936,
        "median_ms": 0.18278399854898453,
        "p95_ms": 0.42470399439334855,
        "p99_ms": 0.9069567739963624,
        "std_ms": 0.2707084678773583,
        "min_ms": 0.1319359987974167,
        "max_ms": 2.7013120651245117,
        "throughput_samples_per_s": 175070.02940098324,
        "peak_memory_mb": 82.3798828125,
        "iters": 100.0,
        "warmup": 20.0
      },
      "fused_graph": {
        "mean_ms": 0.16270143948495389,
        "median_ms": 0.13916799426078796,
        "p95_ms": 0.2944287881255147,
        "p99_ms": 0.4254825475811961,
        "std_ms": 0.06698633380727245,
        "min_ms": 0.11468800157308578,
        "max_ms": 0.4772160053253174,
        "throughput_samples_per_s": 229937.92624498816,
        "peak_memory_mb": 90.626953125,
        "iters": 100.0,
        "warmup": 20.0
      }
    },
    "128": {
      "eager": {
        "mean_ms": 1.366738560795784,
        "median_ms": 1.167360007762909,
        "p95_ms": 2.3498575448989865,
        "p99_ms": 3.086182153224949,
        "std_ms": 0.5214454219675133,
        "min_ms": 0.8714240193367004,
        "max_ms": 3.8819520473480225,
        "throughput_samples_per_s": 109649.12207785418,
        "peak_memory_mb": 95.595703125,
        "iters": 100.0,
        "warmup": 20.0
      },
      "compile": {
        "mean_ms": 1.1076012724637985,
        "median_ms": 0.8919039964675903,
        "p95_ms": 1.9193343460559844,
        "p99_ms": 2.539591057300568,
        "std_ms": 0.42945873853361166,
        "min_ms": 0.7362560033798218,
        "max_ms": 2.6480000019073486,
        "throughput_samples_per_s": 143513.20378308365,
        "peak_memory_mb": 95.595703125,
        "iters": 100.0,
        "warmup": 20.0
      },
      "fused": {
        "mean_ms": 0.7610086391866208,
        "median_ms": 0.649728000164032,
        "p95_ms": 1.4498815476894378,
        "p99_ms": 1.9504025936126734,
        "std_ms": 0.3274226914897024,
        "min_ms": 0.23654399812221527,
        "max_ms": 2.425856113433838,