{
  "meta": {
    "device": "cuda",
    "dtype": "torch.float32",
    "batch_sizes": [
      1,
      32,
      128
    ],
    "warmup": 20,
    "iters": 100,
    "seed": 42,
    "torch_version": "2.5.1+cu121",
    "torch_cuda_version": "12.1"
  },
  "build_info": {
    "compile_enabled": "True",
    "compile_backend_used": "torch.compile",
    "compile_error": null,
    "fused_extension_loaded": "True",
    "fused_extension_import_error": null,
    "fused_extension_build_error": null,
    "fused_second_block": "True",
    "cudagraph_enabled": "False",
    "cudagraph_warmup": "3"
  },
  "correctness": {
    "eager": {
      "max_abs_err": 0.0,
      "relative_err": 0.0,
      "within_threshold": 1.0
    },
    "compile": {
      "max_abs_err": 0.0,
      "relative_err": 0.0,
      "within_threshold": 1.0
    },
    "fused": {
      "max_abs_err": 2.434849739074707e-05,
      "relative_err": 0.00013283014341166637,
      "within_threshold": 1.0
    }
  },
  "benchmarks": {
    "1": {
      "eager": {
        "mean_ms": 0.3913414390385151,
        "median_ms": 0.30928000807762146,
        "p95_ms": 0.6714752197265624,
        "p99_ms": 0.7326633322238925,
        "std_ms": 0.16136465433161354,
        "min_ms": 0.22111999988555908,
        "max_ms": 0.7824959754943848,
        "throughput_samples_per_s": 3233.3160045347167,
        "peak_memory_mb": 9.8759765625,
        "iters": 100.0,
        "warmup": 20.0
      },
      "compile": {
        "mean_ms": 0.8754918438196182,
        "median_ms": 0.577023983001709,
        "p95_ms": 1.021348851919174,
        "p99_ms": 1.5679727482796812,
        "std_ms": 2.210388570585747,
        "min_ms": 0.5080320239067078,
        "max_ms": 22.800384521484375,
        "throughput_samples_per_s": 1733.0302196417342,
        "peak_memory_mb": 9.8759765625,
        "iters": 100.0,
        "warmup": 20.0
      },
      "fused": {
        "mean_ms": 0.15014112010598182,
        "median_ms": 0.1295360028743744,
        "p95_ms": 0.27770879715681074,
        "p99_ms": 0.3524524798989297,
        "std_ms": 0.05523606499395828,
        "min_ms": 0.09523200243711472,
        "max_ms": 0.3719039857387543,
        "throughput_samples_per_s": 7719.86148877708,
        "peak_memory_mb": 9.8759765625,
        "iters": 100.0,
        "warmup": 20.0
      }
    },
    "32": {
      "eager": {
        "mean_ms": 0.35261983931064605,
        "median_ms": 0.319487988948822,
        "p95_ms": 0.611583998799324,
        "p99_ms": 0.678828136324883,
        "std_ms": 0.1111668096142647,
        "min_ms": 0.23552000522613525,
        "max_ms": 0.7719039916992188,
        "throughput_samples_per_s": 100160.2598748274,
        "peak_memory_mb": 10.14306640625,
        "iters": 100.0,
        "warmup": 20.0
      },
      "compile": {
        "mean_ms": 0.795240318775177,
        "median_ms": 0.738864004611969,
        "p95_ms": 1.1997183561325073,
        "p99_ms": 1.2607795739173895,
        "std_ms": 0.18171683699143168,
        "min_ms": 0.5580800175666809,
        "max_ms": 1.385472059249878,
        "throughput_samples_per_s": 43309.72926040093,
        "peak_memory_mb": 10.14306640625,
        "iters": 100.0,
        "warmup": 20.0
      },
      "fused": {
        "mean_ms": 0.24416735984385013,
        "median_ms": 0.2067679986357689,
        "p95_ms": 0.42335200905799864,
        "p99_ms": 0.5023577374219896,
        "std_ms": 0.09902293753505713,
        "min_ms": 0.1207680031657219,
        "max_ms": 0.5488640069961548,
        "throughput_samples_per_s": 154762.82699030926,
        "peak_memory_mb": 10.05810546875,
        "iters": 100.0,
        "warmup": 20.0
      }
    },
    "128": {
      "eager": {
        "mean_ms": 0.44879135936498643,
        "median_ms": 0.4110880047082901,
        "p95_ms": 0.754944023489952,
        "p99_ms": 0.856381781101227,
        "std_ms": 0.13286034149240217,
        "min_ms": 0.2979840040206909,
        "max_ms": 0.8878399729728699,
        "throughput_samples_per_s": 311368.85176406294,
        "peak_memory_mb": 13.96337890625,
        "iters": 100.0,
        "warmup": 20.0
      },
      "compile": {
        "mean_ms": 0.8836131185293198,
        "median_ms": 0.8069120049476624,
        "p95_ms": 1.1910735726356503,
        "p99_ms": 1.5331327438354525,
        "std_ms": 0.23685054125935434,
        "min_ms": 0.6031360030174255,
        "max_ms": 2.1616640090942383,
        "throughput_samples_per_s": 158629.44065171306,
        "peak_memory_mb": 13.96337890625,
        "iters": 100.0,
        "warmup": 20.0
      },
      "fused": {
        "mean_ms": 0.23708991959691048,
        "median_ms": 0.21809600293636322,
        "p95_ms": 0.35124640762805937,
        "p99_ms": 0.38344383567571666,
        "std_ms": 0.045384999549894355,
        "min_ms": 0.19968000054359436,
        "max_ms": 0.42976000905036926,
        "throughput_samples_per_s": 586897.5051200194,
        "peak_memory_mb": 10.62353515625,
        "iters": 100.0,
        "warmup": 20.0
      }
    }
  }
}